{
    "Version": "1.2",
    "Data": {
        "Source": "c:\\users\\ebarlevy\\source\\repos\\softwaredesignpatterns\\turtle\\commands\\moveturtleup.h",
        "ProvidedModule": "",
        "Includes": [
            "c:\\users\\ebarlevy\\source\\repos\\softwaredesignpatterns\\turtle\\interfaces\\icommand.h",
            "c:\\users\\ebarlevy\\source\\repos\\softwaredesignpatterns\\turtle\\interfaces\\iturtle.h",
            "c:\\users\\ebarlevy\\source\\repos\\softwaredesignpatterns\\engine\\engine.h",
            "c:\\users\\ebarlevy\\source\\repos\\softwaredesignpatterns\\engine\\serialization\\json.h",
            "c:\\users\\ebarlevy\\source\\repos\\softwaredesignpatterns\\thirdparty\\rapidjson\\include\\rapidjson\\document.h",
            "c:\\users\\ebarlevy\\source\\repos\\softwaredesignpatterns\\thirdparty\\rapidjson\\include\\rapidjson\\reader.h",
            "c:\\users\\ebarlevy\\source\\repos\\softwaredesignpatterns\\thirdparty\\rapidjson\\include\\rapidjson\\allocators.h",
            "c:\\users\\ebarlevy\\source\\repos\\softwaredesignpatterns\\thirdparty\\rapidjson\\include\\rapidjson\\rapidjson.h",
            "c:\\program files\\microsoft visual studio\\2022\\enterprise\\vc\\tools\\msvc\\14.39.33519\\include\\cstdlib",
            "c:\\program files\\microsoft visual studio\\2022\\enterprise\\vc\\tools\\msvc\\14.39.33519\\include\\yvals_core.h",
            "c:\\program files\\microsoft visual studio\\2022\\enterprise\\vc\\tools\\msvc\\14.39.33519\\include\\vcruntime.h",
            "c:\\program files\\microsoft visual studio\\2022\\enterprise\\vc\\tools\\msvc\\14.39.33519\\include\\sal.h",
            "c:\\program files\\microsoft visual studio\\2022\\enterprise\\vc\\tools\\msvc\\14.39.33519\\include\\concurrencysal.h",
            "c:\\program files\\microsoft visual studio\\2022\\enterprise\\vc\\tools\\msvc\\14.39.33519\\include\\vadefs.h",
            "c:\\program files\\microsoft visual studio\\2022\\enterprise\\vc\\tools\\msvc\\14.39.33519\\include\\xkeycheck.h",
            "c:\\program files (x86)\\windows kits\\10\\include\\10.0.22621.0\\ucrt\\math.h",
            "c:\\program files (x86)\\windows kits\\10\\include\\10.0.22621.0\\ucrt\\corecrt_math.h",
            "c:\\program files (x86)\\windows kits\\10\\include\\10.0.22621.0\\ucrt\\corecrt.h",
            "c:\\program files (x86)\\windows kits\\10\\include\\10.0.22621.0\\ucrt\\stdlib.h",
            "c:\\program files (x86)\\windows kits\\10\\include\\10.0.22621.0\\ucrt\\corecrt_malloc.h",
            "c:\\program files (x86)\\windows kits\\10\\include\\10.0.22621.0\\ucrt\\corecrt_search.h",
            "c:\\program files (x86)\\windows kits\\10\\include\\10.0.22621.0\\ucrt\\stddef.h",
            "c:\\program files (x86)\\windows kits\\10\\include\\10.0.22621.0\\ucrt\\corecrt_wstdlib.h",
            "c:\\program files\\microsoft visual studio\\2022\\enterprise\\vc\\tools\\msvc\\14.39.33519\\include\\limits.h",
            "c:\\program files\\microsoft visual studio\\2022\\enterprise\\vc\\tools\\msvc\\14.39.33519\\include\\cstring",
            "c:\\program files (x86)\\windows kits\\10\\include\\10.0.22621.0\\ucrt\\string.h",
            "c:\\program files (x86)\\windows kits\\10\\include\\10.0.22621.0\\ucrt\\corecrt_memory.h",
            "c:\\program files (x86)\\windows kits\\10\\include\\10.0.22621.0\\ucrt\\corecrt_memcpy_s.h",
            "c:\\program files (x86)\\windows kits\\10\\include\\10.0.22621.0\\ucrt\\errno.h",
            "c:\\program files\\microsoft visual studio\\2022\\enterprise\\vc\\tools\\msvc\\14.39.33519\\include\\vcruntime_string.h",
            "c:\\program files (x86)\\windows kits\\10\\include\\10.0.22621.0\\ucrt\\corecrt_wstring.h",
            "c:\\program files\\microsoft visual studio\\2022\\enterprise\\vc\\tools\\msvc\\14.39.33519\\include\\stdint.h",
            "c:\\program files (x86)\\windows kits\\10\\include\\10.0.22621.0\\ucrt\\inttypes.h",
            "c:\\program files\\microsoft visual studio\\2022\\enterprise\\vc\\tools\\msvc\\14.39.33519\\include\\cassert",
            "c:\\program files (x86)\\windows kits\\10\\include\\10.0.22621.0\\ucrt\\assert.h",
            "c:\\program files\\microsoft visual studio\\2022\\enterprise\\vc\\tools\\msvc\\14.39.33519\\include\\utility",
            "c:\\program files\\microsoft visual studio\\2022\\enterprise\\vc\\tools\\msvc\\14.39.33519\\include\\initializer_list",
            "c:\\program files\\microsoft visual studio\\2022\\enterprise\\vc\\tools\\msvc\\14.39.33519\\include\\cstddef",
            "c:\\program files\\microsoft visual studio\\2022\\enterprise\\vc\\tools\\msvc\\14.39.33519\\include\\xtr1common",
            "c:\\program files\\microsoft visual studio\\2022\\enterprise\\vc\\tools\\msvc\\14.39.33519\\include\\type_traits",
            "c:\\program files\\microsoft visual studio\\2022\\enterprise\\vc\\tools\\msvc\\14.39.33519\\include\\cstdint",
            "c:\\program files\\microsoft visual studio\\2022\\enterprise\\vc\\tools\\msvc\\14.39.33519\\include\\concepts",
            "c:\\program files\\microsoft visual studio\\2022\\enterprise\\vc\\tools\\msvc\\14.39.33519\\include\\vcruntime_new.h",
            "c:\\program files\\microsoft visual studio\\2022\\enterprise\\vc\\tools\\msvc\\14.39.33519\\include\\compare",
            "c:\\users\\ebarlevy\\source\\repos\\softwaredesignpatterns\\thirdparty\\rapidjson\\include\\rapidjson\\internal\\meta.h",
            "c:\\program files\\microsoft visual studio\\2022\\enterprise\\vc\\tools\\msvc\\14.39.33519\\include\\memory",
            "c:\\program files\\microsoft visual studio\\2022\\enterprise\\vc\\tools\\msvc\\14.39.33519\\include\\exception",
            "c:\\program files\\microsoft visual studio\\2022\\enterprise\\vc\\tools\\msvc\\14.39.33519\\include\\yvals.h",
            "c:\\program files (x86)\\windows kits\\10\\include\\10.0.22621.0\\ucrt\\crtdbg.h",
            "c:\\program files\\microsoft visual studio\\2022\\enterprise\\vc\\tools\\msvc\\14.39.33519\\include\\vcruntime_new_debug.h",
            "c:\\program files\\microsoft visual studio\\2022\\enterprise\\vc\\tools\\msvc\\14.39.33519\\include\\crtdefs.h",
            "c:\\program files\\microsoft visual studio\\2022\\enterprise\\vc\\tools\\msvc\\14.39.33519\\include\\use_ansi.h",
            "c:\\program files (x86)\\windows kits\\10\\include\\10.0.22621.0\\ucrt\\malloc.h",
            "c:\\program files\\microsoft visual studio\\2022\\enterprise\\vc\\tools\\msvc\\14.39.33519\\include\\vcruntime_exception.h",
            "c:\\program files\\microsoft visual studio\\2022\\enterprise\\vc\\tools\\msvc\\14.39.33519\\include\\eh.h",
            "c:\\program files (x86)\\windows kits\\10\\include\\10.0.22621.0\\ucrt\\corecrt_terminate.h",
            "c:\\program files\\microsoft visual studio\\2022\\enterprise\\vc\\tools\\msvc\\14.39.33519\\include\\iosfwd",
            "c:\\program files\\microsoft visual studio\\2022\\enterprise\\vc\\tools\\msvc\\14.39.33519\\include\\cstdio",
            "c:\\program files (x86)\\windows kits\\10\\include\\10.0.22621.0\\ucrt\\stdio.h",
            "c:\\program files (x86)\\windows kits\\10\\include\\10.0.22621.0\\ucrt\\corecrt_wstdio.h",
            "c:\\program files (x86)\\windows kits\\10\\include\\10.0.22621.0\\ucrt\\corecrt_stdio_config.h",
            "c:\\program files\\microsoft visual studio\\2022\\enterprise\\vc\\tools\\msvc\\14.39.33519\\include\\cwchar",
            "c:\\program files (x86)\\windows kits\\10\\include\\10.0.22621.0\\ucrt\\wchar.h",
            "c:\\program files (x86)\\windows kits\\10\\include\\10.0.22621.0\\ucrt\\corecrt_wconio.h",
            "c:\\program files (x86)\\windows kits\\10\\include\\10.0.22621.0\\ucrt\\corecrt_wctype.h",
            "c:\\program files (x86)\\windows kits\\10\\include\\10.0.22621.0\\ucrt\\corecrt_wdirect.h",
            "c:\\program files (x86)\\windows kits\\10\\include\\10.0.22621.0\\ucrt\\corecrt_wio.h",
            "c:\\program files (x86)\\windows kits\\10\\include\\10.0.22621.0\\ucrt\\corecrt_share.h",
            "c:\\program files (x86)\\windows kits\\10\\include\\10.0.22621.0\\ucrt\\corecrt_wprocess.h",
            "c:\\program files (x86)\\windows kits\\10\\include\\10.0.22621.0\\ucrt\\corecrt_wtime.h",
            "c:\\program files (x86)\\windows kits\\10\\include\\10.0.22621.0\\ucrt\\sys\\stat.h",
            "c:\\program files (x86)\\windows kits\\10\\include\\10.0.22621.0\\ucrt\\sys\\types.h",
            "c:\\program files\\microsoft visual studio\\2022\\enterprise\\vc\\tools\\msvc\\14.39.33519\\include\\typeinfo",
            "c:\\program files\\microsoft visual studio\\2022\\enterprise\\vc\\tools\\msvc\\14.39.33519\\include\\vcruntime_typeinfo.h",
            "c:\\program files\\microsoft visual studio\\2022\\enterprise\\vc\\tools\\msvc\\14.39.33519\\include\\xmemory",
            "c:\\program files\\microsoft visual studio\\2022\\enterprise\\vc\\tools\\msvc\\14.39.33519\\include\\limits",
            "c:\\program files\\microsoft visual studio\\2022\\enterprise\\vc\\tools\\msvc\\14.39.33519\\include\\cfloat",
            "c:\\program files (x86)\\windows kits\\10\\include\\10.0.22621.0\\ucrt\\float.h",
            "c:\\program files\\microsoft visual studio\\2022\\enterprise\\vc\\tools\\msvc\\14.39.33519\\include\\climits",
            "c:\\program files\\microsoft visual studio\\2022\\enterprise\\vc\\tools\\msvc\\14.39.33519\\include\\intrin0.h",
            "c:\\program files\\microsoft visual studio\\2022\\enterprise\\vc\\tools\\msvc\\14.39.33519\\include\\intrin0.inl.h",
            "c:\\program files\\microsoft visual studio\\2022\\enterprise\\vc\\tools\\msvc\\14.39.33519\\include\\new",
            "c:\\program files\\microsoft visual studio\\2022\\enterprise\\vc\\tools\\msvc\\14.39.33519\\include\\xatomic.h",
            "c:\\program files\\microsoft visual studio\\2022\\enterprise\\vc\\tools\\msvc\\14.39.33519\\include\\xutility",
            "c:\\program files\\microsoft visual studio\\2022\\enterprise\\vc\\tools\\msvc\\14.39.33519\\include\\__msvc_iter_core.hpp",
            "c:\\program files\\microsoft visual studio\\2022\\enterprise\\vc\\tools\\msvc\\14.39.33519\\include\\tuple",
            "c:\\program files\\microsoft visual studio\\2022\\enterprise\\vc\\tools\\msvc\\14.39.33519\\include\\atomic",
            "c:\\program files\\microsoft visual studio\\2022\\enterprise\\vc\\tools\\msvc\\14.39.33519\\include\\xatomic_wait.h",
            "c:\\program files\\microsoft visual studio\\2022\\enterprise\\vc\\tools\\msvc\\14.39.33519\\include\\xthreads.h",
            "c:\\program files\\microsoft visual studio\\2022\\enterprise\\vc\\tools\\msvc\\14.39.33519\\include\\xtimec.h",
            "c:\\program files\\microsoft visual studio\\2022\\enterprise\\vc\\tools\\msvc\\14.39.33519\\include\\ctime",
            "c:\\program files (x86)\\windows kits\\10\\include\\10.0.22621.0\\ucrt\\time.h",
            "c:\\users\\ebarlevy\\source\\repos\\softwaredesignpatterns\\thirdparty\\rapidjson\\include\\rapidjson\\stream.h",
            "c:\\users\\ebarlevy\\source\\repos\\softwaredesignpatterns\\thirdparty\\rapidjson\\include\\rapidjson\\encodings.h",
            "c:\\users\\ebarlevy\\source\\repos\\softwaredesignpatterns\\thirdparty\\rapidjson\\include\\rapidjson\\encodedstream.h",
            "c:\\users\\ebarlevy\\source\\repos\\softwaredesignpatterns\\thirdparty\\rapidjson\\include\\rapidjson\\memorystream.h",
            "c:\\users\\ebarlevy\\source\\repos\\softwaredesignpatterns\\thirdparty\\rapidjson\\include\\rapidjson\\internal\\clzll.h",
            "c:\\program files\\microsoft visual studio\\2022\\enterprise\\vc\\tools\\msvc\\14.39.33519\\include\\intrin.h",
            "c:\\program files\\microsoft visual studio\\2022\\enterprise\\vc\\tools\\msvc\\14.39.33519\\include\\setjmp.h",
            "c:\\program files\\microsoft visual studio\\2022\\enterprise\\vc\\tools\\msvc\\14.39.33519\\include\\immintrin.h",
            "c:\\program files\\microsoft visual studio\\2022\\enterprise\\vc\\tools\\msvc\\14.39.33519\\include\\wmmintrin.h",
            "c:\\program files\\microsoft visual studio\\2022\\enterprise\\vc\\tools\\msvc\\14.39.33519\\include\\nmmintrin.h",
            "c:\\program files\\microsoft visual studio\\2022\\enterprise\\vc\\tools\\msvc\\14.39.33519\\include\\smmintrin.h",
            "c:\\program files\\microsoft visual studio\\2022\\enterprise\\vc\\tools\\msvc\\14.39.33519\\include\\tmmintrin.h",
            "c:\\program files\\microsoft visual studio\\2022\\enterprise\\vc\\tools\\msvc\\14.39.33519\\include\\pmmintrin.h",
            "c:\\program files\\microsoft visual studio\\2022\\enterprise\\vc\\tools\\msvc\\14.39.33519\\include\\emmintrin.h",
            "c:\\program files\\microsoft visual studio\\2022\\enterprise\\vc\\tools\\msvc\\14.39.33519\\include\\xmmintrin.h",
            "c:\\program files\\microsoft visual studio\\2022\\enterprise\\vc\\tools\\msvc\\14.39.33519\\include\\mmintrin.h",
            "c:\\program files\\microsoft visual studio\\2022\\enterprise\\vc\\tools\\msvc\\14.39.33519\\include\\zmmintrin.h",
            "c:\\program files\\microsoft visual studio\\2022\\enterprise\\vc\\tools\\msvc\\14.39.33519\\include\\ammintrin.h",
            "c:\\users\\ebarlevy\\source\\repos\\softwaredesignpatterns\\thirdparty\\rapidjson\\include\\rapidjson\\internal\\stack.h",
            "c:\\users\\ebarlevy\\source\\repos\\softwaredesignpatterns\\thirdparty\\rapidjson\\include\\rapidjson\\internal\\swap.h",
            "c:\\users\\ebarlevy\\source\\repos\\softwaredesignpatterns\\thirdparty\\rapidjson\\include\\rapidjson\\internal\\strtod.h",
            "c:\\users\\ebarlevy\\source\\repos\\softwaredesignpatterns\\thirdparty\\rapidjson\\include\\rapidjson\\internal\\ieee754.h",
            "c:\\users\\ebarlevy\\source\\repos\\softwaredesignpatterns\\thirdparty\\rapidjson\\include\\rapidjson\\internal\\biginteger.h",
            "c:\\users\\ebarlevy\\source\\repos\\softwaredesignpatterns\\thirdparty\\rapidjson\\include\\rapidjson\\internal\\diyfp.h",
            "c:\\users\\ebarlevy\\source\\repos\\softwaredesignpatterns\\thirdparty\\rapidjson\\include\\rapidjson\\internal\\pow10.h",
            "c:\\users\\ebarlevy\\source\\repos\\softwaredesignpatterns\\thirdparty\\rapidjson\\include\\rapidjson\\error\\error.h",
            "c:\\users\\ebarlevy\\source\\repos\\softwaredesignpatterns\\thirdparty\\rapidjson\\include\\rapidjson\\internal\\strfunc.h",
            "c:\\program files\\microsoft visual studio\\2022\\enterprise\\vc\\tools\\msvc\\14.39.33519\\include\\iterator",
            "c:\\program files\\microsoft visual studio\\2022\\enterprise\\vc\\tools\\msvc\\14.39.33519\\include\\string",
            "c:\\program files\\microsoft visual studio\\2022\\enterprise\\vc\\tools\\msvc\\14.39.33519\\include\\xstring",
            "c:\\program files\\microsoft visual studio\\2022\\enterprise\\vc\\tools\\msvc\\14.39.33519\\include\\__msvc_sanitizer_annotate_container.hpp",
            "c:\\program files\\microsoft visual studio\\2022\\enterprise\\vc\\tools\\msvc\\14.39.33519\\include\\xpolymorphic_allocator.h",
            "c:\\program files\\microsoft visual studio\\2022\\enterprise\\vc\\tools\\msvc\\14.39.33519\\include\\cctype",
            "c:\\program files (x86)\\windows kits\\10\\include\\10.0.22621.0\\ucrt\\ctype.h",
            "c:\\program files\\microsoft visual studio\\2022\\enterprise\\vc\\tools\\msvc\\14.39.33519\\include\\vector",
            "c:\\program files\\microsoft visual studio\\2022\\enterprise\\vc\\tools\\msvc\\14.39.33519\\include\\__msvc_bit_utils.hpp",
            "c:\\users\\ebarlevy\\source\\repos\\softwaredesignpatterns\\engine\\core\\memory.h",
            "c:\\users\\ebarlevy\\source\\repos\\softwaredesignpatterns\\engine\\core\\file.h",
            "c:\\users\\ebarlevy\\source\\repos\\softwaredesignpatterns\\engine\\core\\time.h",
            "c:\\program files\\microsoft visual studio\\2022\\enterprise\\vc\\tools\\msvc\\14.39.33519\\include\\chrono",
            "c:\\program files\\microsoft visual studio\\2022\\enterprise\\vc\\tools\\msvc\\14.39.33519\\include\\__msvc_chrono.hpp",
            "c:\\program files\\microsoft visual studio\\2022\\enterprise\\vc\\tools\\msvc\\14.39.33519\\include\\ratio",
            "c:\\program files\\microsoft visual studio\\2022\\enterprise\\vc\\tools\\msvc\\14.39.33519\\include\\system_error",
            "c:\\program files\\microsoft visual studio\\2022\\enterprise\\vc\\tools\\msvc\\14.39.33519\\include\\__msvc_system_error_abi.hpp",
            "c:\\program files\\microsoft visual studio\\2022\\enterprise\\vc\\tools\\msvc\\14.39.33519\\include\\cerrno",
            "c:\\program files\\microsoft visual studio\\2022\\enterprise\\vc\\tools\\msvc\\14.39.33519\\include\\stdexcept",
            "c:\\program files\\microsoft visual studio\\2022\\enterprise\\vc\\tools\\msvc\\14.39.33519\\include\\xcall_once.h",
            "c:\\program files\\microsoft visual studio\\2022\\enterprise\\vc\\tools\\msvc\\14.39.33519\\include\\xerrc.h",
            "c:\\program files\\microsoft visual studio\\2022\\enterprise\\vc\\tools\\msvc\\14.39.33519\\include\\xfilesystem_abi.h",
            "c:\\program files\\microsoft visual studio\\2022\\enterprise\\vc\\tools\\msvc\\14.39.33519\\include\\__msvc_tzdb.hpp",
            "c:\\program files\\microsoft visual studio\\2022\\enterprise\\vc\\tools\\msvc\\14.39.33519\\include\\cmath",
            "c:\\program files\\microsoft visual studio\\2022\\enterprise\\vc\\tools\\msvc\\14.39.33519\\include\\forward_list",
            "c:\\program files\\microsoft visual studio\\2022\\enterprise\\vc\\tools\\msvc\\14.39.33519\\include\\istream",
            "c:\\program files\\microsoft visual studio\\2022\\enterprise\\vc\\tools\\msvc\\14.39.33519\\include\\ostream",
            "c:\\program files\\microsoft visual studio\\2022\\enterprise\\vc\\tools\\msvc\\14.39.33519\\include\\ios",
            "c:\\program files\\microsoft visual studio\\2022\\enterprise\\vc\\tools\\msvc\\14.39.33519\\include\\xlocnum",
            "c:\\program files\\microsoft visual studio\\2022\\enterprise\\vc\\tools\\msvc\\14.39.33519\\include\\streambuf",
            "c:\\program files\\microsoft visual studio\\2022\\enterprise\\vc\\tools\\msvc\\14.39.33519\\include\\xiosbase",
            "c:\\program files (x86)\\windows kits\\10\\include\\10.0.22621.0\\ucrt\\share.h",
            "c:\\program files\\microsoft visual studio\\2022\\enterprise\\vc\\tools\\msvc\\14.39.33519\\include\\xlocale",
            "c:\\program files\\microsoft visual studio\\2022\\enterprise\\vc\\tools\\msvc\\14.39.33519\\include\\xfacet",
            "c:\\program files\\microsoft visual studio\\2022\\enterprise\\vc\\tools\\msvc\\14.39.33519\\include\\xlocinfo",
            "c:\\program files\\microsoft visual studio\\2022\\enterprise\\vc\\tools\\msvc\\14.39.33519\\include\\__msvc_xlocinfo_types.hpp",
            "c:\\program files\\microsoft visual studio\\2022\\enterprise\\vc\\tools\\msvc\\14.39.33519\\include\\clocale",
            "c:\\program files (x86)\\windows kits\\10\\include\\10.0.22621.0\\ucrt\\locale.h",
            "c:\\program files\\microsoft visual studio\\2022\\enterprise\\vc\\tools\\msvc\\14.39.33519\\include\\optional",
            "c:\\program files\\microsoft visual studio\\2022\\enterprise\\vc\\tools\\msvc\\14.39.33519\\include\\xsmf_control.h",
            "c:\\program files\\microsoft visual studio\\2022\\enterprise\\vc\\tools\\msvc\\14.39.33519\\include\\sstream",
            "c:\\program files\\microsoft visual studio\\2022\\enterprise\\vc\\tools\\msvc\\14.39.33519\\include\\xloctime",
            "c:\\program files\\microsoft visual studio\\2022\\enterprise\\vc\\tools\\msvc\\14.39.33519\\include\\format",
            "c:\\program files\\microsoft visual studio\\2022\\enterprise\\vc\\tools\\msvc\\14.39.33519\\include\\__msvc_format_ucd_tables.hpp",
            "c:\\program files\\microsoft visual studio\\2022\\enterprise\\vc\\tools\\msvc\\14.39.33519\\include\\__msvc_print.hpp",
            "c:\\program files\\microsoft visual studio\\2022\\enterprise\\vc\\tools\\msvc\\14.39.33519\\include\\bit",
            "c:\\program files\\microsoft visual studio\\2022\\enterprise\\vc\\tools\\msvc\\14.39.33519\\include\\charconv",
            "c:\\program files\\microsoft visual studio\\2022\\enterprise\\vc\\tools\\msvc\\14.39.33519\\include\\xbit_ops.h",
            "c:\\program files\\microsoft visual studio\\2022\\enterprise\\vc\\tools\\msvc\\14.39.33519\\include\\xcharconv.h",
            "c:\\program files\\microsoft visual studio\\2022\\enterprise\\vc\\tools\\msvc\\14.39.33519\\include\\xcharconv_ryu.h",
            "c:\\program files\\microsoft visual studio\\2022\\enterprise\\vc\\tools\\msvc\\14.39.33519\\include\\xcharconv_ryu_tables.h",
            "c:\\program files\\microsoft visual studio\\2022\\enterprise\\vc\\tools\\msvc\\14.39.33519\\include\\xcharconv_tables.h",
            "c:\\program files\\microsoft visual studio\\2022\\enterprise\\vc\\tools\\msvc\\14.39.33519\\include\\locale",
            "c:\\program files\\microsoft visual studio\\2022\\enterprise\\vc\\tools\\msvc\\14.39.33519\\include\\xlocbuf",
            "c:\\program files\\microsoft visual studio\\2022\\enterprise\\vc\\tools\\msvc\\14.39.33519\\include\\xlocmes",
            "c:\\program files\\microsoft visual studio\\2022\\enterprise\\vc\\tools\\msvc\\14.39.33519\\include\\xlocmon",
            "c:\\program files\\microsoft visual studio\\2022\\enterprise\\vc\\tools\\msvc\\14.39.33519\\include\\iomanip",
            "c:\\users\\ebarlevy\\source\\repos\\softwaredesignpatterns\\engine\\core\\logger.h",
            "c:\\users\\ebarlevy\\source\\repos\\softwaredesignpatterns\\engine\\math\\mathutils.h",
            "c:\\users\\ebarlevy\\source\\repos\\softwaredesignpatterns\\engine\\math\\random.h",
            "c:\\program files\\microsoft visual studio\\2022\\enterprise\\vc\\tools\\msvc\\14.39.33519\\include\\random",
            "c:\\program files\\microsoft visual studio\\2022\\enterprise\\vc\\tools\\msvc\\14.39.33519\\include\\__msvc_int128.hpp",
            "c:\\program files\\microsoft visual studio\\2022\\enterprise\\vc\\tools\\msvc\\14.39.33519\\include\\algorithm",
            "c:\\users\\ebarlevy\\source\\repos\\softwaredesignpatterns\\engine\\input\\inputsystem.h",
            "c:\\users\\ebarlevy\\source\\repos\\softwaredesignpatterns\\engine\\math\\vector2.h",
            "c:\\program files\\microsoft visual studio\\2022\\enterprise\\vc\\tools\\msvc\\14.39.33519\\include\\array",
            "c:\\users\\ebarlevy\\source\\repos\\softwaredesignpatterns\\engine\\audio\\audiosystem.h",
            "c:\\users\\ebarlevy\\source\\repos\\softwaredesignpatterns\\engine\\audio\\audiochannel.h",
            "c:\\program files\\microsoft visual studio\\2022\\enterprise\\vc\\tools\\msvc\\14.39.33519\\include\\map",
            "c:\\program files\\microsoft visual studio\\2022\\enterprise\\vc\\tools\\msvc\\14.39.33519\\include\\xtree",
            "c:\\program files\\microsoft visual studio\\2022\\enterprise\\vc\\tools\\msvc\\14.39.33519\\include\\xnode_handle.h",
            "c:\\users\\ebarlevy\\source\\repos\\softwaredesignpatterns\\engine\\resource\\resourcemanager.h",
            "c:\\users\\ebarlevy\\source\\repos\\softwaredesignpatterns\\engine\\resource\\resource.h",
            "c:\\program files\\microsoft visual studio\\2022\\enterprise\\vc\\tools\\msvc\\14.39.33519\\include\\cstdarg",
            "c:\\program files\\microsoft visual studio\\2022\\enterprise\\vc\\tools\\msvc\\14.39.33519\\include\\stdarg.h",
            "c:\\users\\ebarlevy\\source\\repos\\softwaredesignpatterns\\engine\\physics\\physicssystem.h",
            "c:\\users\\ebarlevy\\source\\repos\\softwaredesignpatterns\\engine\\physics\\contactlistener.h",
            "c:\\users\\ebarlevy\\source\\repos\\softwaredesignpatterns\\thirdparty\\box2d\\include\\box2d\\box2d.h",
            "c:\\users\\ebarlevy\\source\\repos\\softwaredesignpatterns\\thirdparty\\box2d\\include\\box2d\\b2_settings.h",
            "c:\\users\\ebarlevy\\source\\repos\\softwaredesignpatterns\\thirdparty\\box2d\\include\\box2d\\b2_types.h",
            "c:\\users\\ebarlevy\\source\\repos\\softwaredesignpatterns\\thirdparty\\box2d\\include\\box2d\\b2_api.h",
            "c:\\users\\ebarlevy\\source\\repos\\softwaredesignpatterns\\thirdparty\\box2d\\include\\box2d\\b2_common.h",
            "c:\\users\\ebarlevy\\source\\repos\\softwaredesignpatterns\\thirdparty\\box2d\\include\\box2d\\b2_settings.h",
            "c:\\program files (x86)\\windows kits\\10\\include\\10.0.22621.0\\ucrt\\assert.h",
            "c:\\users\\ebarlevy\\source\\repos\\softwaredesignpatterns\\thirdparty\\box2d\\include\\box2d\\b2_draw.h",
            "c:\\users\\ebarlevy\\source\\repos\\softwaredesignpatterns\\thirdparty\\box2d\\include\\box2d\\b2_math.h",
            "c:\\program files (x86)\\windows kits\\10\\include\\10.0.22621.0\\ucrt\\math.h",
            "c:\\users\\ebarlevy\\source\\repos\\softwaredesignpatterns\\thirdparty\\box2d\\include\\box2d\\b2_timer.h",
            "c:\\users\\ebarlevy\\source\\repos\\softwaredesignpatterns\\thirdparty\\box2d\\include\\box2d\\b2_chain_shape.h",
            "c:\\users\\ebarlevy\\source\\repos\\softwaredesignpatterns\\thirdparty\\box2d\\include\\box2d\\b2_shape.h",
            "c:\\users\\ebarlevy\\source\\repos\\softwaredesignpatterns\\thirdparty\\box2d\\include\\box2d\\b2_collision.h",
            "c:\\users\\ebarlevy\\source\\repos\\softwaredesignpatterns\\thirdparty\\box2d\\include\\box2d\\b2_circle_shape.h",
            "c:\\users\\ebarlevy\\source\\repos\\softwaredesignpatterns\\thirdparty\\box2d\\include\\box2d\\b2_edge_shape.h",
            "c:\\users\\ebarlevy\\source\\repos\\softwaredesignpatterns\\thirdparty\\box2d\\include\\box2d\\b2_polygon_shape.h",
            "c:\\users\\ebarlevy\\source\\repos\\softwaredesignpatterns\\thirdparty\\box2d\\include\\box2d\\b2_broad_phase.h",
            "c:\\users\\ebarlevy\\source\\repos\\softwaredesignpatterns\\thirdparty\\box2d\\include\\box2d\\b2_dynamic_tree.h",
            "c:\\users\\ebarlevy\\source\\repos\\softwaredesignpatterns\\thirdparty\\box2d\\include\\box2d\\b2_growable_stack.h",
            "c:\\users\\ebarlevy\\source\\repos\\softwaredesignpatterns\\thirdparty\\box2d\\include\\box2d\\b2_body.h",
            "c:\\users\\ebarlevy\\source\\repos\\softwaredesignpatterns\\thirdparty\\box2d\\include\\box2d\\b2_contact.h",
            "c:\\users\\ebarlevy\\source\\repos\\softwaredesignpatterns\\thirdparty\\box2d\\include\\box2d\\b2_fixture.h",
            "c:\\users\\ebarlevy\\source\\repos\\softwaredesignpatterns\\thirdparty\\box2d\\include\\box2d\\b2_time_step.h",
            "c:\\users\\ebarlevy\\source\\repos\\softwaredesignpatterns\\thirdparty\\box2d\\include\\box2d\\b2_world.h",
            "c:\\users\\ebarlevy\\source\\repos\\softwaredesignpatterns\\thirdparty\\box2d\\include\\box2d\\b2_block_allocator.h",
            "c:\\users\\ebarlevy\\source\\repos\\softwaredesignpatterns\\thirdparty\\box2d\\include\\box2d\\b2_contact_manager.h",
            "c:\\users\\ebarlevy\\source\\repos\\softwaredesignpatterns\\thirdparty\\box2d\\include\\box2d\\b2_stack_allocator.h",
            "c:\\users\\ebarlevy\\source\\repos\\softwaredesignpatterns\\thirdparty\\box2d\\include\\box2d\\b2_world_callbacks.h",
            "c:\\users\\ebarlevy\\source\\repos\\softwaredesignpatterns\\thirdparty\\box2d\\include\\box2d\\b2_distance_joint.h",
            "c:\\users\\ebarlevy\\source\\repos\\softwaredesignpatterns\\thirdparty\\box2d\\include\\box2d\\b2_joint.h",
            "c:\\users\\ebarlevy\\source\\repos\\softwaredesignpatterns\\thirdparty\\box2d\\include\\box2d\\b2_friction_joint.h",
            "c:\\users\\ebarlevy\\source\\repos\\softwaredesignpatterns\\thirdparty\\box2d\\include\\box2d\\b2_gear_joint.h",
            "c:\\users\\ebarlevy\\source\\repos\\softwaredesignpatterns\\thirdparty\\box2d\\include\\box2d\\b2_motor_joint.h",
            "c:\\users\\ebarlevy\\source\\repos\\softwaredesignpatterns\\thirdparty\\box2d\\include\\box2d\\b2_mouse_joint.h",
            "c:\\users\\ebarlevy\\source\\repos\\softwaredesignpatterns\\thirdparty\\box2d\\include\\box2d\\b2_prismatic_joint.h",
            "c:\\users\\ebarlevy\\source\\repos\\softwaredesignpatterns\\thirdparty\\box2d\\include\\box2d\\b2_pulley_joint.h",
            "c:\\users\\ebarlevy\\source\\repos\\softwaredesignpatterns\\thirdparty\\box2d\\include\\box2d\\b2_revolute_joint.h",
            "c:\\users\\ebarlevy\\source\\repos\\softwaredesignpatterns\\thirdparty\\box2d\\include\\box2d\\b2_weld_joint.h",
            "c:\\users\\ebarlevy\\source\\repos\\softwaredesignpatterns\\thirdparty\\box2d\\include\\box2d\\b2_wheel_joint.h",
            "c:\\users\\ebarlevy\\source\\repos\\softwaredesignpatterns\\engine\\framework\\scene.h",
            "c:\\users\\ebarlevy\\source\\repos\\softwaredesignpatterns\\engine\\framework\\actor.h",
            "c:\\users\\ebarlevy\\source\\repos\\softwaredesignpatterns\\engine\\framework\\gameobject.h",
            "c:\\users\\ebarlevy\\source\\repos\\softwaredesignpatterns\\engine\\math\\transform.h",
            "c:\\users\\ebarlevy\\source\\repos\\softwaredesignpatterns\\engine\\math\\matrix3x3.h",
            "c:\\users\\ebarlevy\\source\\repos\\softwaredesignpatterns\\engine\\math\\vector3.h",
            "c:\\users\\ebarlevy\\source\\repos\\softwaredesignpatterns\\engine\\serialization\\serializable.h",
            "c:\\users\\ebarlevy\\source\\repos\\softwaredesignpatterns\\engine\\framework\\component.h",
            "c:\\program files\\microsoft visual studio\\2022\\enterprise\\vc\\tools\\msvc\\14.39.33519\\include\\list",
            "c:\\users\\ebarlevy\\source\\repos\\softwaredesignpatterns\\engine\\framework\\game.h",
            "c:\\users\\ebarlevy\\source\\repos\\softwaredesignpatterns\\engine\\framework\\singleton.h",
            "c:\\users\\ebarlevy\\source\\repos\\softwaredesignpatterns\\engine\\framework\\factory.h",
            "c:\\users\\ebarlevy\\source\\repos\\softwaredesignpatterns\\engine\\framework\\eventmanager.h",
            "c:\\users\\ebarlevy\\source\\repos\\softwaredesignpatterns\\engine\\framework\\event.h",
            "c:\\program files\\microsoft visual studio\\2022\\enterprise\\vc\\tools\\msvc\\14.39.33519\\include\\functional",
            "c:\\program files\\microsoft visual studio\\2022\\enterprise\\vc\\tools\\msvc\\14.39.33519\\include\\unordered_map",
            "c:\\program files\\microsoft visual studio\\2022\\enterprise\\vc\\tools\\msvc\\14.39.33519\\include\\xhash",
            "c:\\program files\\microsoft visual studio\\2022\\enterprise\\vc\\tools\\msvc\\14.39.33519\\include\\variant",
            "c:\\users\\ebarlevy\\source\\repos\\softwaredesignpatterns\\engine\\renderer\\renderer.h",
            "c:\\users\\ebarlevy\\source\\repos\\softwaredesignpatterns\\engine\\math\\color.h",
            "c:\\program files\\microsoft visual studio\\2022\\enterprise\\vc\\tools\\msvc\\14.39.33519\\include\\iostream",
            "c:\\users\\ebarlevy\\source\\repos\\softwaredesignpatterns\\engine\\renderer\\model.h",
            "c:\\users\\ebarlevy\\source\\repos\\softwaredesignpatterns\\engine\\renderer\\font.h",
            "c:\\users\\ebarlevy\\source\\repos\\softwaredesignpatterns\\engine\\renderer\\text.h",
            "c:\\users\\ebarlevy\\source\\repos\\softwaredesignpatterns\\engine\\renderer\\texture.h",
            "c:\\users\\ebarlevy\\source\\repos\\softwaredesignpatterns\\engine\\components\\playercomponent.h",
            "c:\\users\\ebarlevy\\source\\repos\\softwaredesignpatterns\\engine\\components\\charactercomponent.h",
            "c:\\users\\ebarlevy\\source\\repos\\softwaredesignpatterns\\engine\\components\\includes.h",
            "c:\\users\\ebarlevy\\source\\repos\\softwaredesignpatterns\\engine\\physics\\collision.h",
            "c:\\users\\ebarlevy\\source\\repos\\softwaredesignpatterns\\engine\\components\\rendercomponents\\spritecomponent.h",
            "c:\\users\\ebarlevy\\source\\repos\\softwaredesignpatterns\\engine\\components\\rendercomponents\\rendercomponent.h",
            "c:\\users\\ebarlevy\\source\\repos\\softwaredesignpatterns\\engine\\math\\rect.h",
            "c:\\users\\ebarlevy\\source\\repos\\softwaredesignpatterns\\engine\\components\\rendercomponents\\spriteanimcomponent.h",
            "c:\\users\\ebarlevy\\source\\repos\\softwaredesignpatterns\\engine\\components\\rendercomponents\\modelcomponent.h",
            "c:\\users\\ebarlevy\\source\\repos\\softwaredesignpatterns\\engine\\components\\rendercomponents\\textcomponent.h",
            "c:\\users\\ebarlevy\\source\\repos\\softwaredesignpatterns\\engine\\components\\rendercomponents\\squarecomponent.h",
            "c:\\users\\ebarlevy\\source\\repos\\softwaredesignpatterns\\engine\\components\\tilemapcomponent.h",
            "c:\\users\\ebarlevy\\source\\repos\\softwaredesignpatterns\\engine\\components\\audiocomponent.h",
            "c:\\users\\ebarlevy\\source\\repos\\softwaredesignpatterns\\engine\\components\\physicscomponent.h",
            "c:\\users\\ebarlevy\\source\\repos\\softwaredesignpatterns\\engine\\components\\rbphysicscomponent.h",
            "c:\\users\\ebarlevy\\source\\repos\\softwaredesignpatterns\\engine\\components\\collisioncomponent.h",
            "c:\\users\\ebarlevy\\source\\repos\\softwaredesignpatterns\\engine\\components\\cameracomponent.h"
        ],
        "ImportedModules": [],
        "ImportedHeaderUnits": []
    }
}