{
    "version": 1,
    "revision": 0,
    "rules": [
        {
            "primary-output": "x64\\Debug\\MoveTurtleUp.h.obj",
            "outputs": [
                "C:\\Users\\ebarlevy\\source\\repos\\SoftwareDesignPatterns\\Turtle\\x64\\Debug\\vc143.pdb",
                "x64\\Debug\\",
                "C:\\Users\\ebarlevy\\source\\repos\\SoftwareDesignPatterns\\Turtle\\x64\\Debug\\MoveTurtleUp.h.ifc"
            ],
            "provides": [
                {
                    "logical-name": "Commands\\MoveTurtleUp.h",
                    "source-path": "c:\\users\\ebarlevy\\source\\repos\\softwaredesignpatterns\\turtle\\commands\\moveturtleup.h",
                    "lookup-method": "absolute"
                }
            ],
            "requires": []
        }
    ]
}